epoch,time,train/box_loss,train/cls_loss,train/dfl_loss,metrics/precision(B),metrics/recall(B),metrics/mAP50(B),metrics/mAP50-95(B),val/box_loss,val/cls_loss,val/dfl_loss,lr/pg0,lr/pg1,lr/pg2
1,32.5847,1.25108,3.17856,1.49809,0.00685,0.7037,0.25875,0.18445,0.65487,3.1457,0.94814,0.0012,0.0012,0.0892
2,53.1146,0.91782,2.78084,1.26107,0.01212,0.74074,0.4112,0.31916,0.60206,2.97907,0.90531,0.00247525,0.00247525,0.0774752
3,79.035,0.85939,2.17858,1.20742,0.982,0.38616,0.60051,0.50318,0.6539,2.5126,0.93051,0.00372476,0.00372476,0.0657248
4,113.002,0.85029,1.5758,1.18686,1,0.24001,0.67782,0.53473,0.7691,2.59208,1.02887,0.00494853,0.00494853,0.0539485
5,145.028,0.78574,1.41303,1.1354,0.94211,0.48077,0.61887,0.48362,0.81923,2.51057,1.10887,0.00614656,0.00614656,0.0421466
6,166.879,0.7612,1.25275,1.10552,0.94866,0.58006,0.86125,0.70895,0.70065,2.10947,0.95861,0.00731885,0.00731885,0.0303188
7,185.426,0.8383,1.26828,1.15525,0.95849,0.58761,0.88811,0.72069,0.67411,1.88931,0.93548,0.0084654,0.0084654,0.0184654
8,217.044,0.83007,1.18367,1.14793,0.90774,0.58239,0.88018,0.63757,0.85305,1.99472,1.12097,0.009307,0.009307,0.009307
9,249.91,0.8505,1.18997,1.13759,0.91281,0.6138,0.86488,0.67332,0.85138,1.86368,1.14778,0.009208,0.009208,0.009208
10,282.532,0.8325,1.1144,1.12287,0.88893,0.74686,0.90827,0.66556,0.84306,1.56562,1.12888,0.009109,0.009109,0.009109
11,315.31,0.81761,1.13116,1.133,0.88255,0.45192,0.53561,0.38306,1.17742,2.26939,1.50773,0.00901,0.00901,0.00901
12,348.05,0.75524,1.08889,1.09305,0.93871,0.71353,0.83256,0.65498,0.83505,1.45884,1.14756,0.008911,0.008911,0.008911
13,378.566,0.80449,1.00397,1.1097,0.85955,0.76709,0.82709,0.65975,0.7636,1.46881,1.0918,0.008812,0.008812,0.008812
14,411.734,0.77848,0.97576,1.08332,0.99327,0.82713,0.93985,0.75558,0.71803,1.06266,1.01996,0.008713,0.008713,0.008713
15,430.853,0.79605,1.06865,1.14025,0.88991,0.81902,0.90376,0.69082,0.77968,1.21816,1.05906,0.008614,0.008614,0.008614
16,448.667,0.79026,1.03738,1.12106,0.98748,0.85038,0.92478,0.72526,0.75669,1.05121,1.05374,0.008515,0.008515,0.008515
17,466.417,0.80744,0.98083,1.10983,0.9612,0.89177,0.9284,0.76006,0.71882,0.96722,1.03345,0.008416,0.008416,0.008416
18,484.34,0.77064,0.91992,1.08727,0.91832,0.88684,0.91689,0.75695,0.72706,1.01625,1.04235,0.008317,0.008317,0.008317
19,502.338,0.74,0.91521,1.08623,0.96512,0.86445,0.91849,0.77629,0.6673,1.03632,0.98105,0.008218,0.008218,0.008218
20,520.436,0.80431,0.92139,1.10846,0.95161,0.85185,0.9202,0.76103,0.66483,0.91221,0.98276,0.008119,0.008119,0.008119
21,538.672,0.7707,0.92004,1.10234,0.97842,0.87391,0.92626,0.76343,0.68384,0.93958,0.98079,0.00802,0.00802,0.00802
22,558.303,0.73412,0.84144,1.06609,0.98572,0.90223,0.94773,0.78961,0.63256,0.88136,0.91613,0.007921,0.007921,0.007921
23,588.297,0.72596,0.81182,1.06202,0.95236,0.88331,0.95538,0.80031,0.65138,0.93224,0.96534,0.007822,0.007822,0.007822
24,609.815,0.73133,0.85001,1.08801,0.94751,0.87535,0.9564,0.79022,0.65361,0.89662,0.95359,0.007723,0.007723,0.007723
25,628.21,0.68116,0.78857,1.03982,0.92947,0.8459,0.92813,0.77607,0.66681,0.89627,0.997,0.007624,0.007624,0.007624
26,646.815,0.69788,0.78266,1.04128,0.9489,0.84554,0.93681,0.78836,0.64209,0.82611,0.97896,0.007525,0.007525,0.007525
27,665.224,0.70663,0.78165,1.03348,0.89497,0.93781,0.95444,0.78184,0.65612,0.80903,0.96071,0.007426,0.007426,0.007426
28,683.678,0.69795,0.773,1.05273,0.91489,0.87683,0.95195,0.78534,0.64665,0.82805,0.92489,0.007327,0.007327,0.007327
29,702.061,0.68604,0.76038,1.0326,0.98756,0.84504,0.9489,0.77168,0.65598,0.8298,0.95033,0.007228,0.007228,0.007228
30,720.591,0.67188,0.75693,1.04532,0.95063,0.82003,0.90587,0.72456,0.74573,1.03781,1.06071,0.007129,0.007129,0.007129
31,739.072,0.6626,0.7398,1.04156,0.93173,0.86432,0.9366,0.7504,0.72573,0.89259,1.02363,0.00703,0.00703,0.00703
32,757.439,0.68123,0.74289,1.05359,0.87789,0.9282,0.94678,0.77254,0.68035,0.78696,0.97741,0.006931,0.006931,0.006931
33,775.903,0.68053,0.75967,1.05825,0.91139,0.92986,0.94926,0.76742,0.64259,0.76965,0.94095,0.006832,0.006832,0.006832
34,794.418,0.6294,0.6873,1.0257,0.95585,0.93989,0.96662,0.79152,0.62743,0.733,0.93021,0.006733,0.006733,0.006733
35,813.004,0.69208,0.73721,1.02415,0.92939,0.92913,0.95941,0.8137,0.61418,0.6874,0.92395,0.006634,0.006634,0.006634
36,831.534,0.65881,0.7149,1.02488,0.97344,0.89682,0.9419,0.8064,0.59113,0.75226,0.9135,0.006535,0.006535,0.006535
37,850.162,0.64054,0.68204,1.03113,0.97207,0.91135,0.95915,0.81712,0.58078,0.69837,0.89624,0.006436,0.006436,0.006436
38,868.74,0.62623,0.66316,1.00817,0.96551,0.91253,0.95727,0.81625,0.57784,0.70628,0.90755,0.006337,0.006337,0.006337
39,887.098,0.62443,0.67872,1.04223,0.93663,0.94421,0.95167,0.79176,0.6247,0.72866,0.93693,0.006238,0.006238,0.006238
40,905.483,0.64077,0.69182,1.01675,0.92966,0.94478,0.94276,0.80692,0.58894,0.69365,0.90411,0.006139,0.006139,0.006139
41,923.84,0.64561,0.70496,1.04527,0.97068,0.91061,0.94019,0.78054,0.62126,0.71602,0.95287,0.00604,0.00604,0.00604
42,942.364,0.62878,0.66021,1.01504,0.95546,0.92372,0.94668,0.79522,0.63374,0.70776,0.94424,0.005941,0.005941,0.005941
43,961.138,0.62547,0.63836,1.04178,0.97334,0.91061,0.94381,0.80595,0.60764,0.65295,0.91676,0.005842,0.005842,0.005842
44,979.64,0.62402,0.61956,1.00835,0.96658,0.92913,0.95431,0.81428,0.60008,0.6549,0.93132,0.005743,0.005743,0.005743
45,998.115,0.6134,0.61233,1.01707,0.92991,0.92594,0.95002,0.80635,0.59299,0.65985,0.92666,0.005644,0.005644,0.005644
46,1016.5,0.59655,0.60816,0.98823,0.93738,0.92721,0.95231,0.80388,0.63735,0.67523,0.95659,0.005545,0.005545,0.005545
47,1035.07,0.6164,0.62724,1.00713,0.93899,0.91045,0.95656,0.79552,0.62394,0.69738,0.94458,0.005446,0.005446,0.005446
48,1053.5,0.60276,0.62395,1.02213,0.97626,0.92913,0.95731,0.79304,0.6133,0.64068,0.93696,0.005347,0.005347,0.005347
49,1071.86,0.56707,0.59362,0.973,0.96717,0.93792,0.95847,0.80958,0.62457,0.61508,0.96598,0.005248,0.005248,0.005248
50,1090.44,0.56615,0.58411,0.99115,0.97195,0.94195,0.97006,0.80545,0.62994,0.63543,0.94297,0.005149,0.005149,0.005149
51,1108.95,0.59423,0.56719,1.00966,0.94475,0.94004,0.96481,0.79997,0.58734,0.59345,0.89454,0.00505,0.00505,0.00505
52,1127.38,0.57546,0.5938,1.00262,0.9762,0.89779,0.9551,0.809,0.57449,0.63756,0.8821,0.004951,0.004951,0.004951
53,1145.94,0.58083,0.59397,1.0078,0.96113,0.91862,0.94632,0.80164,0.5762,0.65326,0.89393,0.004852,0.004852,0.004852
54,1164.39,0.60593,0.68894,1.00219,0.99605,0.92498,0.9501,0.80104,0.57929,0.60386,0.91535,0.004753,0.004753,0.004753
55,1182.82,0.53271,0.55142,0.96851,0.97626,0.91678,0.95619,0.80823,0.57592,0.58197,0.91473,0.004654,0.004654,0.004654
56,1201.25,0.55104,0.55436,0.98434,0.99746,0.90124,0.95139,0.81185,0.55992,0.59892,0.8882,0.004555,0.004555,0.004555
57,1219.86,0.52659,0.54291,0.97671,0.97062,0.9266,0.94719,0.82036,0.54877,0.58145,0.89543,0.004456,0.004456,0.004456
58,1238.39,0.55958,0.5394,0.98264,0.97597,0.93392,0.95408,0.81125,0.55477,0.5608,0.89969,0.004357,0.004357,0.004357
59,1256.65,0.5326,0.54175,0.98033,0.9895,0.91061,0.9549,0.8153,0.58526,0.55936,0.92114,0.004258,0.004258,0.004258
60,1274.94,0.54309,0.54501,0.96337,0.9946,0.91317,0.9536,0.80856,0.60866,0.57317,0.9218,0.004159,0.004159,0.004159
61,1293.26,0.52466,0.51325,0.95317,0.99343,0.91574,0.95739,0.81797,0.58792,0.57258,0.90684,0.00406,0.00406,0.00406
62,1311.69,0.52528,0.51844,0.97124,0.99244,0.91061,0.96145,0.82265,0.5794,0.54416,0.89921,0.003961,0.003961,0.003961
63,1330.2,0.52845,0.51318,0.95979,0.98614,0.92707,0.96275,0.82625,0.5776,0.5563,0.89631,0.003862,0.003862,0.003862
64,1348.67,0.53249,0.51942,0.98834,0.98698,0.92669,0.94614,0.80714,0.57937,0.57753,0.89875,0.003763,0.003763,0.003763
65,1367.09,0.51369,0.48824,0.97239,0.99557,0.92783,0.94868,0.79418,0.59509,0.56751,0.91101,0.003664,0.003664,0.003664
66,1385.57,0.53607,0.52604,0.97976,0.99052,0.92711,0.95635,0.81724,0.57291,0.55461,0.90005,0.003565,0.003565,0.003565
67,1404,0.49987,0.48231,0.95615,0.98271,0.91061,0.96054,0.82105,0.57644,0.57404,0.89964,0.003466,0.003466,0.003466
68,1422.46,0.52843,0.49132,0.96901,0.98869,0.91802,0.96321,0.81342,0.57369,0.55279,0.90052,0.003367,0.003367,0.003367
69,1441.28,0.50352,0.4775,0.95232,0.98765,0.91846,0.96266,0.81524,0.55995,0.54045,0.88679,0.003268,0.003268,0.003268
70,1459.81,0.50677,0.4772,0.95342,0.97312,0.94765,0.96079,0.81921,0.55797,0.54829,0.87661,0.003169,0.003169,0.003169
71,1478.42,0.50992,0.47751,0.96659,0.97456,0.94765,0.96183,0.82431,0.54628,0.54784,0.86681,0.00307,0.00307,0.00307
72,1497.03,0.48793,0.46561,0.94366,0.97832,0.94585,0.96091,0.82171,0.55924,0.55054,0.88471,0.002971,0.002971,0.002971
73,1515.51,0.50557,0.48097,0.96373,0.97845,0.94522,0.96344,0.82737,0.54205,0.52298,0.86801,0.002872,0.002872,0.002872
74,1533.98,0.49848,0.4755,0.95387,0.99049,0.92846,0.96535,0.83112,0.52539,0.51207,0.85695,0.002773,0.002773,0.002773
75,1552.47,0.49057,0.48225,0.95489,0.99308,0.92913,0.96451,0.83805,0.53753,0.53186,0.87221,0.002674,0.002674,0.002674
76,1570.96,0.4838,0.461,0.94958,0.99202,0.9281,0.96297,0.83777,0.53876,0.52946,0.8763,0.002575,0.002575,0.002575
77,1589.47,0.49829,0.45742,0.94569,0.99242,0.92913,0.96111,0.83281,0.54374,0.51487,0.87364,0.002476,0.002476,0.002476
78,1607.85,0.50253,0.46668,0.96545,0.99305,0.92861,0.96137,0.82947,0.54266,0.51237,0.87228,0.002377,0.002377,0.002377
79,1626.19,0.46463,0.43419,0.94321,0.98971,0.92718,0.96539,0.83109,0.53744,0.49397,0.87246,0.002278,0.002278,0.002278
80,1644.69,0.46578,0.43988,0.94636,0.98693,0.92635,0.96166,0.83809,0.53537,0.51289,0.87536,0.002179,0.002179,0.002179
81,1663.07,0.46361,0.43105,0.94276,0.99245,0.92913,0.96059,0.84429,0.5294,0.51764,0.86786,0.00208,0.00208,0.00208
82,1681.49,0.45381,0.43667,0.93952,0.9916,0.92872,0.95726,0.82894,0.53115,0.50094,0.87022,0.001981,0.001981,0.001981
83,1700.02,0.46214,0.44215,0.93579,0.98929,0.92697,0.96149,0.829,0.5486,0.49453,0.88341,0.001882,0.001882,0.001882
84,1718.46,0.44216,0.45187,0.9325,0.98713,0.92592,0.95925,0.83272,0.54133,0.49959,0.88171,0.001783,0.001783,0.001783
85,1736.9,0.47212,0.43197,0.93862,0.9939,0.91061,0.95741,0.82607,0.51971,0.49542,0.86795,0.001684,0.001684,0.001684
86,1755.4,0.43821,0.41799,0.91374,0.98796,0.90049,0.94581,0.82523,0.53873,0.52795,0.87322,0.001585,0.001585,0.001585
87,1773.83,0.42284,0.4051,0.91839,0.99308,0.91061,0.96553,0.83209,0.5406,0.50406,0.87636,0.001486,0.001486,0.001486
88,1792.21,0.48442,0.4621,0.96336,0.99327,0.91061,0.97509,0.83654,0.55012,0.49257,0.88692,0.001387,0.001387,0.001387
89,1810.68,0.44504,0.42093,0.94427,0.98638,0.9263,0.9755,0.83555,0.54434,0.48559,0.87168,0.001288,0.001288,0.001288
90,1829.04,0.44461,0.40704,0.95215,0.98769,0.92639,0.97556,0.83441,0.53698,0.4871,0.86545,0.001189,0.001189,0.001189
91,1847.35,0.38106,0.39647,0.90443,0.9828,0.92671,0.97745,0.84111,0.5417,0.49424,0.87325,0.00109,0.00109,0.00109
92,1865.36,0.38345,0.38417,0.9093,0.98256,0.9226,0.97656,0.82633,0.55002,0.50407,0.88103,0.000991,0.000991,0.000991
93,1883.32,0.39212,0.39844,0.92164,0.9956,0.90917,0.97407,0.8247,0.54918,0.49662,0.88146,0.000892,0.000892,0.000892
94,1901.35,0.39413,0.38875,0.91793,0.99502,0.90969,0.97503,0.81883,0.54564,0.49774,0.88097,0.000793,0.000793,0.000793
95,1919.4,0.371,0.37763,0.92784,0.99544,0.91061,0.97417,0.82476,0.53133,0.49294,0.87077,0.000694,0.000694,0.000694
96,1937.51,0.36884,0.36207,0.91374,0.99603,0.91061,0.97093,0.83642,0.5189,0.49279,0.86047,0.000595,0.000595,0.000595
97,1955.55,0.35134,0.34783,0.89265,0.99393,0.91618,0.97164,0.83192,0.51419,0.49027,0.86044,0.000496,0.000496,0.000496
98,1973.55,0.35966,0.35702,0.91014,0.9852,0.92654,0.97132,0.83314,0.52001,0.48873,0.86348,0.000397,0.000397,0.000397
99,1991.48,0.36297,0.35522,0.9117,0.98772,0.92658,0.97086,0.83357,0.51987,0.48415,0.86542,0.000298,0.000298,0.000298
100,2009.43,0.37349,0.35877,0.91744,0.98543,0.9267,0.9697,0.83419,0.51874,0.48013,0.86808,0.000199,0.000199,0.000199
